{"stats":{"minecraft:picked_up":{"minecraft:rotten_flesh":2,"minecraft:dark_oak_log":13},"minecraft:mined":{"minecraft:dark_oak_log":13,"minecraft:dark_oak_leaves":2},"minecraft:killed":{"minecraft:zombie":2},"minecraft:custom":{"minecraft:jump":37,"minecraft:time_since_rest":2430,"minecraft:damage_dealt":207,"minecraft:leave_game":1,"minecraft:damage_taken":100,"minecraft:sprint_one_cm":1531,"minecraft:play_time":2430,"minecraft:time_since_death":2430,"minecraft:walk_one_cm":4981,"minecraft:total_world_time":2430,"minecraft:mob_kills":2,"minecraft:fall_one_cm":934,"minecraft:fly_one_cm":1559}},"DataVersion":3465}